sensor_sensorid2type,Flood sensor,Light sensor,Temperature sensor,Humidity sensor,Wind speed sensor,Dissolved oxygen sensor,Soil humidity sensor,CO2 sensor,Height,Coverage,pH sensor,EC sensor
20241201,0.003472,845.448679,24.047381,51.689731,2.189831,10.001715,0.381597,403.0,3.981569,0.606405,7.493828,136.177392
20241202,0.002976,881.561293,24.039906,54.305416,2.219996,9.944469,12.26878,1198.623611,4.19169,0.815768,7.240327,141.678365
20241203,0.003788,877.072452,24.182131,56.842817,2.349092,9.900694,24.560994,1065.20754,4.382592,0.918009,7.238028,145.41012
20241204,0.005952,887.954129,24.428598,57.712953,2.001651,9.827911,18.159874,1101.784722,4.496204,0.949577,7.241533,149.184333
20241205,0.002976,874.299121,24.480231,58.454058,1.648588,9.467842,34.993662,909.295139,4.680134,0.968292,7.329701,153.349623
20241206,0.00641,884.267526,24.366806,58.083011,1.965807,9.285256,36.677806,1063.915972,4.847939,0.973025,7.273762,155.499417
20241207,0.003205,849.707975,24.672035,55.349061,2.199306,9.087134,36.296288,412.493056,5.02557,0.989118,7.645967,156.870889
20241208,0.003205,848.239205,23.929162,52.556512,2.199474,8.385394,29.849623,403.0,5.15,0.989836,7.803704,158.608283
