sensor_sensorid2type,EC sensor,Flood sensor,Soil humidity sensor,Light sensor,Temperature sensor,Humidity sensor,pH sensor,CO2 sensor,Height,Coverage,Wind speed sensor,Dissolved oxygen sensor
20241201,136.177392,0.003205,0.861303,397.062794,24.112985,50.718489,7.493828,403.0,3.881301,0.89735,2.189831,10.001715
20241202,141.678365,0.005556,6.097122,419.345994,24.075347,53.433804,7.240327,1207.845139,3.900955,0.852958,2.219996,9.944469
20241203,145.41012,0.005682,10.25053,429.449863,24.194731,56.185619,7.238028,1110.294147,4.207783,0.885968,2.349092,9.900694
20241204,149.184333,0.003205,5.652431,411.889988,24.461269,56.928438,7.241533,1113.847222,4.286914,0.936445,2.001651,9.827911
20241205,153.349623,0.002976,30.535891,398.812883,24.566944,57.530138,7.329701,918.010417,4.621984,0.929963,1.648588,9.467842
20241206,155.499417,0.003472,19.204661,383.547407,24.465443,57.014859,7.273762,1077.59375,4.931667,0.936454,1.965807,9.285256
20241207,156.870889,0.003472,27.679655,350.820627,24.87381,53.555735,7.645967,412.0,5.282825,0.938128,2.199306,9.087134
20241208,158.608283,0.003205,23.915222,342.206639,24.198549,50.330441,7.803704,403.0,5.5,0.937069,2.199474,8.385394
