sensor_sensorid2type,Wind speed sensor,Dissolved oxygen sensor,Soil humidity sensor,Flood sensor,Light sensor,Humidity sensor,Temperature sensor,CO2 sensor,Height,Coverage,pH sensor,EC sensor
20241104,0.768822,9.137037,14.016544,2.0,315.22608,55.837743,24.452514,1794.984127,6.788301,0.8,7.461478,358.938676
20241105,1.146721,9.492708,40.673664,2.0,372.636644,51.610858,25.038798,1735.034639,6.587218,0.82,7.340902,123.102759
20241106,0.826928,9.519025,37.412767,2.0,374.529607,52.76546,25.031761,1530.443932,6.113376,0.841199,7.459428,141.958613
20241107,0.816073,9.018182,23.153065,2.0,370.693763,54.198055,24.610957,1364.329613,7.615542,0.869051,7.915118,190.359848
20241108,0.632364,9.284817,24.360356,2.0,281.458522,51.084797,24.580939,1466.289368,9.113753,0.865175,7.551736,177.153556
20241109,0.622571,9.331288,21.348517,2.0,72.11396,53.122396,26.449607,548.269841,6.671505,0.930246,7.739744,181.03851
20241110,0.618132,9.152222,18.358906,2.0,36.155324,58.233222,27.016702,403.0,7.370721,0.933514,7.9,185.248461
20241111,0.618132,9.152222,18.358906,2.0,36.155324,58.233222,27.016702,403.0,7.907294,0.953225,7.9,185.248461
