sensor_sensorid2type,pH sensor,EC sensor,Flood sensor,Light sensor,Soil humidity sensor,Temperature sensor,Humidity sensor,CO2 sensor,Height,Coverage,Dissolved oxygen sensor,Wind speed sensor,Light pattern,Light num
20241104,7.461478,358.938676,0,435.526646,14.841083,24.269615,54.3753,1719.354497,4.756657,0.8,9.137037,0.768822,0,1
20241105,7.340902,123.102759,0,534.481183,44.197573,24.924751,49.546855,1670.966071,5.201385,0.82,9.492708,1.146721,0,1
20241106,7.459428,141.958613,0,531.010052,43.869445,24.982069,50.439646,1465.418089,5.636758,0.841199,9.519025,0.826928,0,1
20241107,7.915118,190.359848,0,536.560136,40.281809,24.542289,52.446831,1315.504216,6.207266,0.869051,9.018182,0.816073,0,1
20241108,7.551736,177.153556,0,567.79686,40.46364,24.586058,50.407386,1404.285764,6.704017,0.865175,9.284817,0.632364,0,1
20241109,7.739744,181.03851,0,503.677457,41.525919,26.449607,53.122396,525.648661,7.145977,0.930246,9.331288,0.622571,0,1
20241110,7.9,185.248461,0,501.489127,42.689471,27.016702,58.233222,403,7.452805,0.933514,9.152222,0.618132,0,1
20241111,7.9,185.248461,0,501.489127,42.689471,27.016702,58.233222,403,8.103618,0.953225,9.152222,0.618132,0,1
