sensor_sensorid2type,Soil humidity sensor,pH sensor,EC sensor,Flood sensor,Light sensor,Temperature sensor,Humidity sensor,CO2 sensor,Height,Coverage,Dissolved oxygen sensor,Wind speed sensor
20241115,1.7510299600719392,-1.3258735342094412,-0.747525504365986,0.43103808797800647,-0.34756583046654155,0.33444241705411376,1.1009223390598393,0.6699682984113515,4.414544,0.630188,0.385968416755759,-0.8323487413099222
20241116,1.7510299600719392,-0.4557087080424172,-0.5537099116552415,0.43103808797800647,-0.6054083093778372,1.8301420846420875,2.0746260791178504,-0.9165224380408061,4.637793,0.671045,-0.2548915783026962,-0.8169059532744379
20241117,1.7510299600719392,0.44398311573343147,-0.4099174877919865,0.43103808797800647,-0.584272154955777,2.1454707828105684,2.062794860493245,-1.2534391082807377,5.027811,0.771322,-0.41844804168969185,-0.8426545598806612
20241118,1.7510299600719392,-0.4867841053439728,-0.3768809466841528,0.43103808797800647,-0.42704245338740404,0.7087382504236792,0.5818250320046645,0.9322762809544077,5.506468,0.80257,-0.30228497480507405,-0.7736220949071752
20241119,0.46371423306438214,0.8430629983890907,0.3072210140941874,0.43103808797800647,-0.42848342434335035,0.15432790797590626,0.015183226877003533,0.6730721248280372,5.897264,0.841054,-0.005982573247669107,-0.6865124242714326
20241120,-0.7553621267274213,-0.44028736312577377,0.4584384593388514,0.43103808797800647,-0.45980121240585825,-0.6171033584640796,0.7027820938458269,0.7249547697796663,6.242447,0.834829,0.5182861335888953,-0.7301802874082743
20241121,-0.751400038139512,0.39697620714248244,0.5014285776205094,0.43103808797800647,-0.44064700744888746,-1.1059116335351364,0.7833237217055341,-0.41919216969116396,6.641184,0.884882,1.1136288768788813,-0.7183065701179713
20241122,-0.731942186738379,0.28365214523762683,0.5474688943517706,0.43103808797800647,-0.46733033476873986,-1.161385557815484,0.23476232371689978,-0.058042892764454394,6.936782,0.913199,1.2039086403088703,-0.7241463407647764
20241123,-0.8956489887456898,1.3109750650734404,0.5763659754929155,0.43103808797800647,-0.695028291242239,-0.5460726280734499,0.22690919247161878,-1.1562273657674556,7.2,0.94,1.275665154518569,-0.7432132643803252
