sensor_sensorid2type,pH sensor,EC sensor,Flood sensor,Light sensor,Soil humidity sensor,Temperature sensor,Humidity sensor,CO2 sensor,Height,Coverage,Dissolved oxygen sensor,Wind speed sensor
20241104,-0.3577254384690346,4.215470244291877,-0.9212600729335341,-0.5166972495897927,-0.7186453066569055,-0.6842089703240091,-0.5084002024665628,1.6606079641905807,4.756657,0.8,-0.8545995028494797,-0.5237349760587994
20241105,-0.8973203556684081,-1.1048633804019017,-0.9212600729335341,-0.1803335807290009,0.7384000159125681,-0.09224615869209646,-1.842287432762407,1.553489287991919,5.201385,0.82,0.09731244245198198,0.023868867032268985
20241106,-0.36689948289129554,-0.6794852813631673,-0.9212600729335341,-0.1921325582559882,0.7221140986382593,-0.040455195537702215,-1.5956485015489295,1.0984625481854555,5.636758,0.841199,0.1677468232828548,-0.43953504722424414
20241107,1.6723787135871313,0.4124209953521191,-0.9212600729335341,-0.1732668581746912,0.5440496143323408,-0.43782826815084264,-1.0411514656830632,0.7665944353525588,6.207266,0.869051,-1.1727010468572985,-0.45526475203096106
20241108,0.046192074440510864,0.11449402867585834,-0.9212600729335341,-0.06708780457726042,0.5530743992452553,-0.3982798075223352,-1.6045605223028874,0.9631323821051133,6.704017,0.865175,-0.459083570213278,-0.7214727981237452
20241109,0.8875548762652519,0.20213653732982456,-0.9212600729335341,-0.28504079887244554,0.6057982994190766,1.2855716456932422,-0.8545225350988254,-0.9819286813067666,7.145977,0.930246,-0.33470935918650196,-0.735663585702942
20241110,1.6047234923306641,0.297110806510431,-0.9212600729335341,-0.29247931285870304,0.6635486639608303,1.797983039148035,0.5573741599373571,-1.2534391082807377,7.452805,0.933514,-0.8139586215591769,-0.7420960278620407
20241111,1.6047234923306641,0.297110806510431,-0.9212600729335341,-0.29247931285870304,0.6635486639608303,1.797983039148035,0.5573741599373571,-1.2534391082807377,8.103618,0.953225,-0.8139586215591769,-0.7420960278620407
