"",%time,Flavour,TSS,Acid,%Juice,Bite,Weight,DMC_fruit,Tair,Rhair,CO2air,EC_drain_PC,pH_drain_PC,water_sup
0,43880,74,8.0,13.6,60,177,9.63,9.28,21.089036,86.098420,701.752109,5.356422,5.003402,43.428571
1,43894,74,8.1,14.9,62,244,9.53,9.28,21.898507,87.953360,688.666501,5.046043,4.555500,43.142857
2,43908,74,8.3,14.4,57,308,9.67,9.28,22.056609,86.734262,629.346732,5.717942,4.312231,50.571429
3,43922,80,9.4,14.3,58,254,9.70,9.28,21.650224,86.134719,596.525386,6.401568,4.102489,59.428571
4,43936,75,8.9,14.6,50,312,8.70,9.09,21.590418,84.488079,573.891986,5.562892,4.226008,69.000000
5,43950,75,8.5,12.6,64,260,10.10,8.76,21.516949,82.651891,576.615480,4.975411,5.527476,61.928571
6,43964,78,9.0,13.3,63,208,11.07,8.36,22.812587,74.948127,493.383057,4.871254,5.701677,52.312500
7,43980,74,8.2,14.3,60,232,9.90,9.51,26.258188,73.559233,447.668990,5.867247,5.590244,48.000000
