sensor_sensorid2type,Temperature sensor,Humidity sensor,Wind speed sensor,Dissolved oxygen sensor,Flood sensor,Light sensor,Soil humidity sensor,CO2 sensor,Height,Coverage,pH sensor,EC sensor
20241115,25.454048,59.869159,0.555849,9.600561,1.0,896.330871,0.925507,1327.080556,3.165633,0.6,7.245139,138.942575
20241116,27.052365,63.099085,0.566506,9.361111,1.0,1061.659264,1.492628,575.3125,3.365033,0.634347,7.439583,147.533893
20241117,27.383419,63.171103,0.548737,9.3,1.0,1070.412349,3.248649,403.0,3.676648,0.74,7.640625,153.90782
20241118,25.899277,58.214809,0.596376,9.343403,1.0,1104.277549,3.377083,1432.994444,4.030843,0.77,7.432639,155.37224
20241119,25.168966,56.676679,0.65649,9.454113,1.0,1059.024454,25.165822,1327.361111,4.431485,0.819176,7.729802,185.696619
20241120,24.234008,59.138157,0.626355,9.65,1.0,1026.181426,68.792728,1355.077222,4.786519,0.865573,7.443029,192.399677
20241121,23.761525,59.229222,0.634549,9.872443,1.0,1073.585876,66.506304,836.776389,4.90899,0.889888,7.630121,194.305312
20241122,23.781913,57.260194,0.630519,9.906175,1.0,1047.574322,65.246446,1020.439583,4.969901,0.900251,7.604798,196.346154
20241123,24.355259,57.42681,0.617361,9.932986,1.0,1007.918335,54.440562,467.041667,5.0,0.92,7.83436,197.627083
