sensor_sensorid2type,Flood sensor,Light sensor,Temperature sensor,Humidity sensor,Wind speed sensor,Dissolved oxygen sensor,Soil humidity sensor,CO2 sensor,Height,Coverage,pH sensor,EC sensor
20241201,-0.9165648937188492,0.8766989821237124,-0.8850134803497242,-1.2503049347723838,1.5354130753173507,1.4596103063263497,-1.4363103423290444,-1.2534391082807377,3.981569,0.606405,-0.212954542342112,-0.8099065711707155
20241202,-0.9172356336066614,0.999452033226297,-0.891767684082919,-0.5277060815232771,1.5791244106922582,1.306398064617781,-0.8463159530584823,0.5078528990831487,4.19169,0.815768,-1.3474079253118456,-0.6858075281041215
20241203,-0.9161375675000011,0.9841936825385187,-0.7632570986711131,0.17326634169784225,1.7661941455359191,1.1892393831240087,-0.2362187339180809,0.21250638565973973,4.382592,0.918009,-1.3576962804956407,-0.6016211079091895
20241204,-0.9132111942797886,1.0211823938199236,-0.5405563185361726,0.41364669169058466,1.2627262166781978,0.994444173183149,-0.5539243572812933,0.29347821381793426,4.496204,0.949577,-1.3420109021053799,-0.516476857677549
20241205,-0.9172356336066614,0.9747666484842301,-0.4939021645086272,0.6183814449721085,0.7511115904069936,0.03076149387347208,0.2815839772139456,-0.13264081954331636,4.680134,0.968292,-0.9474464393629252,-0.4225101170491453
20241206,-0.9125918417220911,1.0086509895174285,-0.5963898646340202,0.5158774597057157,1.2107855866374828,-0.45790863791914266,0.365172789695732,0.20964720907936155,4.847939,0.973025,-1.1977814983565558,-0.37401190078989394
20241207,-0.9169259573278126,0.8911770694631956,-0.32059336279074224,-0.23939281742642965,1.5491430571730527,-0.9881590615606973,0.34623697627334876,-1.2324240913467344,5.02557,0.989118,0.46788933295476004,-0.3430722174297631
20241208,-0.9169259573278126,0.8861844649713704,-0.9918329065884183,-1.010851423887812,1.5493865017062196,-2.8662843191606897,0.026270826218545564,-1.2534391082807377,5.15,0.989836,1.1737850622398394,-0.30387752717594063
