sensor_sensorid2type,EC sensor,Flood sensor,Soil humidity sensor,Light sensor,Temperature sensor,Humidity sensor,pH sensor,CO2 sensor,Height,Coverage,Wind speed sensor,Dissolved oxygen sensor
20241201,-0.8099065711707155,-0.9169259573278126,-1.4125011817819724,-0.6474425672828917,-0.8257355162410532,-1.5186164307772054,-0.212954542342112,-1.2534391082807377,3.881301,0.89735,1.5354130753173507,1.4596103063263497
20241202,-0.6858075281041215,-0.9137467043515095,-1.152632730759034,-0.5716980978205284,-0.8597441744497314,-0.7684941854723994,-1.3474079253118456,0.5282668276512921,3.900955,0.852958,1.5791244106922582,1.306398064617781
20241203,-0.6016211079091895,-0.9135763147832348,-0.946487387800028,-0.537353291108646,-0.7518720863583054,-0.008288593685280022,-1.3576962804956407,0.3123157420568522,4.207783,0.885968,1.7661941455359191,1.1892393831240087
20241204,-0.516476857677549,-0.9169259573278126,-1.1747039981870795,-0.597042358015572,-0.5110357044669921,0.19691966249680853,-1.3420109021053799,0.32018127358777165,4.286914,0.936445,1.2627262166781978,0.994444173183149
20241205,-0.4225101170491453,-0.9172356336066614,0.0603322408981992,-0.6414937106188167,-0.4155506904863816,0.3631429386175908,-0.9474464393629252,-0.1133475893385703,4.621984,0.929963,0.7511115904069936,0.03076149387347208
20241206,-0.37401190078989394,-0.9165648937188492,-0.5020686343583077,-0.6933837165744442,-0.5072641932452748,0.2207939881501812,-1.1977814983565558,0.23992605040185414,4.931667,0.936454,1.2107855866374828,-0.45790863791914266
20241207,-0.3430722174297631,-0.9165648937188492,-0.0814308003902703,-0.8046277294770562,-0.1382750406148458,-0.7348100068440423,0.46788933295476004,-1.233515581820341,5.282825,0.938128,1.5491430571730527,-0.9881590615606973
20241208,-0.30387752717594063,-0.9169259573278126,-0.2682702180037579,-0.8339081717391713,-0.748422246913045,-1.6258170454558107,1.1737850622398394,-1.2534391082807377,5.5,0.937069,1.5493865017062196,-2.8662843191606897
