sensor_sensorid2type,Wind speed sensor,Dissolved oxygen sensor,Soil humidity sensor,Flood sensor,Light sensor,Humidity sensor,Temperature sensor,CO2 sensor,Height,Coverage,pH sensor,EC sensor
20241104,-0.5237349760587994,-0.8545995028494797,-0.7595695007014289,1.783336248889547,-0.9256197808102647,-0.10439144959984384,-0.5189464808795811,1.8280311791344719,6.788301,0.8,-0.3577254384690346,4.215470244291877
20241105,0.023868867032268985,0.09731244245198198,0.5634984821934326,1.783336248889547,-0.7304712962247899,-1.2720940796244276,0.010803563469690516,1.6953194890838894,6.587218,0.82,-0.8973203556684081,-1.1048633804019017
20241106,-0.43953504722424414,0.1677468232828548,0.4016509751777495,1.783336248889547,-0.7240367860042254,-0.9531282709895487,0.0044451244502288845,1.2424118930321342,6.113376,0.841199,-0.36689948289129554,-0.6794852813631673
20241107,-0.45526475203096106,-1.1727010468572985,-0.3060982176015838,1.783336248889547,-0.7370754864027494,-0.5573652092407511,-0.37578175819086557,0.8746804452491013,7.615542,0.869051,1.6723787135871313,0.4124209953521191
20241108,-0.7214727981237452,-0.459083570213278,-0.2461769632373795,1.783336248889547,-1.040401579014723,-1.4174216230171057,-0.40290519466751434,1.1003913204311095,9.113753,0.865175,0.046192074440510864,0.11449402867585834
20241109,-0.735663585702942,-0.33470935918650196,-0.39566301989068914,1.783336248889547,-1.7520001278551418,-0.8545225350988254,1.2855716456932422,-0.9318516059406109,6.671505,0.930246,0.8875548762652519,0.20213653732982456
20241110,-0.7420960278620407,-0.8139586215591769,-0.5440458382675539,1.783336248889547,-1.8742297809754407,0.5573741599373571,1.797983039148035,-1.2534391082807377,7.370721,0.933514,1.6047234923306641,0.297110806510431
20241111,-0.7420960278620407,-0.8139586215591769,-0.5440458382675539,1.783336248889547,-1.8742297809754407,0.5573741599373571,1.797983039148035,-1.2534391082807377,7.907294,0.953225,1.6047234923306641,0.297110806510431
